1241,1.8223433702698673,159.29999999999998,58,22,1
1158,0.511832625663645,140.60000000000002,52,48,1
1273,0.1041330805591949,137.3,46,30,1
1204,-0.003479605644044037,130.8,45,34,1
1156,-0.07999834195160616,150.6,50,40,1
1280,0.44609606275904445,170.8,41,48,1
1233,0.07463509528631551,129.1,53,38,1
1271,0.38635845239563227,137.0,55,29,1
1128,-0.5126061590408411,152.3,43,35,1
1265,-0.03254136608749869,122.3,48,48,1
1132,0.5755542703061571,136.79999999999998,58,36,1
1174,-0.07566191549979417,138.3,43,29,1
1283,0.09549398781733132,134.4,51,21,1
1215,0.87824606769181,153.9,47,34,1
1202,-0.15765435103371184,131.0,43,48,1
1156,1.4500173452753402,132.6,52,30,1
1206,1.0312481634953303,137.79999999999998,41,22,1
1140,0.23291750238700093,117.1,50,41,1
1227,1.5306992140326205,133.29999999999998,42,26,1
1232,0.1662384516813571,159.89999999999998,47,27,1
1106,1.3109657325406154,102.5,55,29,0
1262,-0.6006726992865976,129.1,41,39,1
1216,0.07844363666029697,152.2,49,46,1
1292,0.08122046880860978,129.79999999999998,44,46,1
1137,-0.08994032525736584,115.5,48,48,1
1153,-0.6707788359858087,128.0,46,37,1
1159,-0.5053463141070311,148.6,42,47,1
1200,-0.9501552208434256,138.2,48,42,1
1266,-1.0050509366668294,151.0,42,44,1
1146,0.9065836162926872,152.2,44,26,1
1262,-0.18813267342269158,167.39999999999998,48,42,1
1274,0.1930841825556704,129.8,58,24,1
1289,-0.7574112479627684,146.70000000000002,45,48,1
1259,0.945165591762944,154.3,41,24,1
1210,-0.1746937237418793,147.9,42,49,1
1117,0.13509522447759004,141.7,55,40,1
1180,0.8574780733517715,136.9,57,39,1
1111,0.8409956528872247,100.1,51,40,0
1256,1.0481568271971509,142.29999999999998,56,27,1
1128,0.10980332204907306,117.1,46,33,1
1145,0.5102953088652731,131.4,46,29,1
1111,1.0795218108664275,146.1,58,30,1
1231,0.9945327156124939,132.7,56,36,1
1156,0.3720152989402099,134.5,47,29,1
1220,-0.2598087838872265,126.0,56,30,1
1181,-1.1546468000429744,142.79999999999998,55,47,1
1266,-0.13472574141213456,122.89999999999999,44,23,1
1126,1.3441133512076413,147.79999999999998,50,22,1
1222,0.2436063262800401,138.2,43,40,1
1204,-0.27927917672155456,149.20000000000002,59,38,1
1275,0.6055363788014207,139.7,55,32,1
1256,0.5758690437832852,131.5,55,29,1
1234,-0.2996893384827124,126.30000000000001,49,29,1
1239,0.23658136218628667,113.9,45,30,1
1158,1.3325429621841263,157.8,44,30,1
1220,0.3937838492575876,126.3,59,23,1
1163,1.3384659012174664,124.39999999999999,51,31,1
1249,1.3405916472445252,116.0,43,31,1
1285,1.5969772944317473,137.8,55,23,1
1174,0.20151554409959038,116.10000000000001,55,47,1
1189,0.8415111123312284,126.0,53,41,1
1228,0.27653761284726963,112.5,50,47,1
1192,0.5338148472576099,137.79999999999998,53,26,1
1141,-0.23157942395172282,103.6,52,35,1
1235,-0.3540435936059414,128.3,48,38,1
1219,-0.03482508304187615,136.1,49,22,1
1269,-1.1441742313524303,114.7,47,48,1
1268,-0.1850198629088382,165.3,44,45,1
1290,0.2419731229470461,151.3,51,33,1
1165,0.11340188051715594,105.0,52,25,1
1234,0.7208951338451155,146.9,50,45,1
1206,0.9007256389157545,108.1,46,25,1
1281,-0.31776246844784195,130.9,53,28,1
1126,0.5867918387456761,132.0,45,34,1
1265,0.36314824135200463,140.2,52,27,1
1207,0.7177385277295705,126.5,51,38,1
1241,0.5137883600314277,147.0,49,29,1
1219,1.5670179508193998,132.5,59,26,1
1223,-0.8570283083048924,114.3,41,40,1
1200,0.5170833064377893,130.4,43,44,1
1163,0.04726874046101015,106.5,48,42,1
1276,0.3449946718600816,145.9,41,33,1
1265,0.10573005182026485,155.4,42,49,1
1216,0.9769791053641033,108.89999999999999,46,33,1
1255,1.6017641290537836,164.6,42,21,1
1161,0.7365984294834762,159.4,58,43,1
1129,0.2733338891336343,150.9,59,40,1
1205,0.361080162460099,120.5,43,40,1
1179,0.0410894447471688,150.0,55,41,1
1129,0.3575312879692185,128.4,55,45,1
1151,0.9410570080526244,108.19999999999999,56,21,1
1183,-0.5243892627353592,128.1,51,48,1
1280,0.9385791672643884,130.0,51,40,1
1137,0.3439042750333121,110.2,49,25,1
1112,-0.9638867656628978,135.5,57,43,1
1233,0.42868562822611667,134.4,49,41,1
1206,-0.08149558796569445,145.0,59,24,1
1108,1.6913296643534443,137.3,54,25,1
1138,1.083101927218196,124.5,52,37,1
1112,-0.41698930909215903,143.1,41,29,1
1154,0.2567599500442457,149.20000000000002,50,38,1
1139,-0.36558623345926367,151.8,47,39,1
1279,1.437453615969691,153.6,45,27,1
1125,-0.1779066634524309,151.0,52,45,1
1263,-0.5985847791245911,157.0,58,47,1
1177,0.9149611794510888,134.1,53,24,1
1110,0.7766841511113027,126.1,57,31,1
1262,0.27820961316329185,130.5,53,33,1
1176,0.09516405232109859,131.9,49,43,1
1265,-0.18004612754094373,151.0,48,25,1
1284,1.0473876091068401,135.1,59,27,1
1212,0.7887905817952781,142.79999999999998,57,26,1
1213,0.08112537418872545,132.0,52,27,1
1229,-0.6778322876972587,154.9,53,40,1
1248,0.8033996213278067,129.0,47,42,1
1233,-0.13258915166397034,135.20000000000002,50,29,1
1235,0.0925600027212341,110.3,49,38,1
1290,0.6963728434107683,151.4,42,34,1
1122,-0.3844122266036889,153.7,43,45,1
1249,-0.005585860758159367,128.0,50,31,1
1178,-0.26552737226626055,149.4,50,26,1
1180,0.731138565462039,139.7,57,37,1
1234,0.38299076401738485,123.80000000000001,59,44,1
1264,-0.308167017180931,148.20000000000002,53,28,1
1118,-0.4136092015354009,118.7,45,49,1
1147,-0.4680332545217418,132.29999999999998,50,36,1
1270,-1.230116967542105,114.7,54,47,1
1140,0.477768722191688,102.0,57,40,1
1299,-1.1597747662146767,116.80000000000001,45,49,1
1237,-0.36366415816922304,143.79999999999998,47,41,1
1128,1.5024064438046179,137.9,54,21,1
1245,0.8476352273315364,146.9,41,24,1
1243,0.6967661766566451,143.5,52,22,1
1115,-0.7877851130097802,142.1,55,46,1
1260,-0.5642466371452051,153.6,47,36,1
1295,1.595126906630171,129.2,50,27,1
1264,0.2434210024801695,117.80000000000001,41,44,1
1156,0.37453223949948344,104.8,43,22,1
1215,-0.20165253357933222,143.7,50,32,1
1138,1.2287807560544999,129.3,58,35,1
1124,0.5533985834297224,117.7,51,23,1
1183,0.41719511577184365,145.10000000000002,41,48,1
1205,0.4097311759414013,141.3,42,38,1
1297,-0.6491940464235517,128.1,42,34,1
1105,-0.4635492228903715,108.6,58,31,0
1242,0.7543264506431555,117.0,42,38,1
1153,-0.3058463170133634,144.3,56,40,1
1105,-0.4059171022502197,135.8,57,33,1
1277,0.9724240721631467,121.4,52,27,1
1242,1.3918037223127735,147.7,42,25,1
1132,0.6841517604052132,127.8,57,26,1
1218,0.26147156818543804,130.0,52,42,1
1175,0.8129830709937231,126.4,44,29,1
1236,-0.12647033557223386,165.4,45,48,1
1137,-1.019695985330978,109.3,56,46,1
1232,-0.09152847203500492,133.2,49,40,1
1262,0.7261508079078158,157.39999999999998,45,32,1
1123,-0.8321899028714754,118.1,53,38,1
1172,1.520013893364741,105.7,41,25,1
1183,1.4418718843049987,124.39999999999999,43,21,1
1281,-0.8099899557239805,163.4,58,43,1
1200,1.2829196083113694,125.3,49,33,1
1183,-0.793133283866098,116.1,41,38,1
1268,1.2646746106384092,147.4,59,26,1
1260,0.8545670821816551,168.0,58,30,1
1127,0.3714577821986931,134.6,57,29,1
1266,0.36082855957552495,140.7,41,21,1
1270,0.2636431353662281,127.4,49,24,1
1219,-0.7312857787565237,148.8,43,49,1
1269,1.0614203669697941,130.6,49,37,1
1211,0.6931885049401496,163.5,42,34,1
1156,0.8254975471232462,112.6,47,40,1
1221,-0.1382705993895299,129.0,55,39,1
1169,0.0898773368338186,157.0,53,31,1
1117,-0.7360735483890544,142.29999999999998,47,46,1
1275,-0.25172438537478303,129.4,53,49,1
1180,-0.19986323773276293,137.6,56,46,1
1238,0.6069221617937295,139.3,47,45,1
1229,0.16791974908842722,165.0,41,41,1
1115,0.22534502983665106,153.1,58,26,1
1234,1.4427277709529205,123.80000000000001,53,24,1
1110,-0.16830445865477284,103.2,58,42,0
1115,1.2430218108031905,130.5,57,30,1
1113,1.2105895101739792,126.6,41,33,1
1192,0.12548715917406605,111.9,45,47,1
1141,1.0083166504773529,125.0,55,29,1
1269,1.6970099687814755,161.4,56,25,1
1271,-0.7308277807399504,143.7,53,36,1
1176,0.4593825157834157,113.89999999999999,41,43,1
1231,1.0720669619794383,142.79999999999998,54,37,1
1249,0.8096445132749333,142.4,54,35,1
1177,0.08997757904697656,140.5,47,38,1
1139,-0.798154125930679,108.4,52,45,1
1288,-0.1818196329170796,136.70000000000002,56,39,1
1286,1.0244826340571662,149.4,45,28,1
1113,0.3997487215431401,115.5,56,42,1
1218,0.6971877015226895,133.20000000000002,49,24,1
1116,-0.09724764932272856,108.3,53,37,1
1168,1.2222619070066438,108.2,59,34,1
1106,-1.2332319619947256,135.4,43,48,1
1269,0.27134715515862107,168.8,46,49,1
1174,-0.10889549455355119,127.60000000000001,57,32,1
1105,-0.12187267613403963,119.9,47,24,0
1264,0.2695327439042945,168.9,52,45,1
1217,-0.5056950839548524,143.5,50,38,1
1132,0.5807727844849548,137.7,45,45,1
1190,1.1462309054495274,122.5,44,35,1
1215,0.5035985641306311,136.6,54,31,1
1179,0.6796620893915555,119.4,45,35,1
1243,0.025915302555344244,139.8,56,35,1
1102,1.2212699830994875,145.7,51,25,1
1188,-0.12092995763274739,112.8,58,30,1
1280,0.7571786064906414,146.8,56,38,1
1183,-0.6258911761635237,149.8,50,45,1
1133,-0.1057933087756151,98.7,52,34,1
1114,0.3756170444017939,122.5,59,41,1
1218,0.7095504957826857,164.10000000000002,41,33,1
1130,-0.24168731289955714,148.3,59,33,1
1126,-0.2802515885418728,101.19999999999999,43,26,0
1217,-0.9194150689969232,159.7,51,40,1
1168,0.3151704809535465,143.3,49,25,1
1253,0.16350628122178268,127.6,50,43,1
1156,0.30935288007080675,126.89999999999999,57,23,1
1271,-0.796489669783192,137.0,43,49,1
1131,-0.05222108461141017,137.9,56,48,1
1153,0.3325416797457934,99.5,59,22,1
1264,1.2537449508689131,150.70000000000002,47,33,1
1210,-0.5397622944158551,152.3,48,43,1
1113,-0.07466686233821651,125.89999999999999,42,36,1
1151,1.1629647588649028,149.7,51,26,1
1269,-0.03162913333958017,144.3,50,24,1
1196,0.10420965801295035,104.69999999999999,43,21,1
1148,0.03763880661549823,102.39999999999999,53,46,1
1197,1.2582626579827152,144.39999999999998,56,27,1
1218,-0.48500188549436585,107.5,41,37,1
1126,0.6714529434989502,143.7,50,31,1
1292,-1.0780952560471768,119.6,41,44,1
1258,-0.06526405577095273,158.0,49,42,1
1164,0.1313986957565716,100.5,44,31,1
1116,-0.12608085215182996,135.29999999999998,43,47,1
1297,1.392150722488739,142.7,50,30,1
1190,-0.7595267723904189,129.8,56,48,1
1245,-0.3435665870684912,127.2,52,27,1
1259,0.5374823128929496,161.4,52,25,1
1203,0.08388485785833955,153.10000000000002,59,28,1
1175,0.8566594235483005,142.7,50,42,1
1162,-0.5560896145764442,103.10000000000001,44,49,1
1225,0.5255750567651016,155.2,50,27,1
1167,0.8720048842032386,128.0,51,33,1
1208,1.7852631712828821,148.10000000000002,48,23,1
1201,0.4085697356980218,149.7,57,26,1
1297,0.4219052403518253,129.89999999999998,59,32,1
1242,0.279055993037296,139.2,52,40,1
1165,0.070092296132513,125.1,59,46,1
1264,0.06457959710668071,134.9,44,35,1
1125,-0.3358424407077041,103.2,46,47,1
1240,1.310341471006884,153.7,46,27,1
1153,0.41674759039136733,134.5,48,32,1
1175,1.8542991415614425,135.6,52,21,1
1144,0.0637517747580354,108.4,49,40,1
1105,-0.43807210815244924,102.9,45,34,0
1148,-0.03797377218226172,109.5,43,47,1
1244,0.6285415924773154,112.0,47,46,1
1194,-0.1605204088494847,107.2,57,38,1
1256,-0.03884587964203834,114.5,43,39,1
1221,-0.04980970150969344,152.5,59,34,1
1262,0.08708967140852031,136.7,42,25,1
1166,0.4538545980616586,129.1,56,25,1
1294,-0.014127681806444636,124.10000000000001,57,37,1
1230,-0.7292215370886106,156.6,49,36,1
1282,-0.28917232046622177,165.89999999999998,46,47,1
1175,0.32675345439799086,150.5,51,30,1
1252,-0.012442057803457196,125.4,48,22,1
1254,0.258072402581877,153.6,48,42,1
1264,0.974149915509211,120.0,54,26,1
1130,0.6386031521226889,104.8,53,38,1
1202,0.1524940154024188,149.2,41,40,1
1271,1.0791416486018937,137.2,51,21,1
1271,-0.08576821009730606,149.1,53,40,1
1253,-0.09866180101849475,168.0,46,37,1
1103,0.9311170426987325,110.0,42,27,0
1151,-0.6392621890143346,115.69999999999999,47,46,1
1182,0.6100954396410239,135.39999999999998,57,42,1
1261,0.427758458058799,137.5,58,34,1
1153,-0.016761970605102983,118.7,50,34,1
1193,0.552646635600806,119.8,50,35,1
1115,0.960952074302323,117.6,57,21,0
1291,0.9502148813818925,157.0,54,29,1
1113,0.11841741615262569,125.8,58,25,1
1173,1.0857644474773358,130.60000000000002,49,23,1
1221,1.551517461661001,142.79999999999998,52,27,1
1259,0.5680384556137281,125.4,44,35,1
1291,-0.34648617179340535,169.9,54,48,1
1179,0.9509171542665928,133.4,50,25,1
1158,0.731737857819635,111.7,44,29,1
1144,-1.0031766993995108,107.2,58,48,1
1225,-0.07469820353380952,154.5,48,40,1
1194,-0.27192487164038903,151.3,51,39,1
1103,1.029324491690986,112.0,52,37,0
1298,0.8348645275126634,140.8,43,40,1
1290,-1.031638386683276,162.8,49,48,1
1272,0.06835643969181171,154.1,58,39,1
1133,0.8581197328465189,127.3,47,40,1
1155,1.494719173623932,120.0,42,25,1
1102,-0.7662527081224835,113.2,58,40,0
1263,1.5606650357359775,116.5,54,22,1
1179,1.393250637402398,119.10000000000001,52,22,1
1173,-0.22065789736978925,110.89999999999999,49,36,1
1147,1.1499024358840078,127.3,45,26,1
1119,0.5604419897963817,95.10000000000001,47,22,0
1292,0.06891159866736896,128.79999999999998,49,46,1
1292,1.7207950091773427,169.39999999999998,54,22,1
1175,0.6998628016948989,106.3,54,38,1
1150,1.176465401691465,122.6,45,36,1
1180,0.892944081294986,147.1,56,21,1
1227,-0.3305724955892766,126.8,51,41,1
1134,1.057290277352521,109.60000000000001,50,32,1
1163,0.13124963017358082,148.60000000000002,43,33,1
1211,1.3863717412931948,144.79999999999998,45,27,1
1263,-0.4576198373522491,155.60000000000002,51,43,1
1233,1.131334037113523,133.70000000000002,41,24,1
1159,1.1393866119799974,153.20000000000002,53,23,1
1240,0.9528570663060048,118.1,41,31,1
1143,0.05139682299617476,112.1,55,38,1
1133,1.0440847727208233,109.2,48,29,1
1256,0.013404660926119139,149.79999999999998,51,42,1
1272,0.5920778558833093,133.89999999999998,54,47,1
1203,0.5714495146919931,132.4,59,31,1
1200,-0.2377447300380151,146.8,46,48,1
1206,-0.31686019656880604,110.39999999999999,57,38,1
1121,0.49222996691966703,98.3,47,22,0
1258,1.274306104384774,112.89999999999999,53,21,1
1234,0.5243559479285875,114.7,47,43,1
1116,1.4639137221713414,112.5,48,29,0
1243,-0.030385992192267786,154.3,59,30,1
1207,0.6083823007293012,149.1,55,44,1
1110,0.24337094283714156,125.3,59,33,1
1209,0.20430831590308962,116.30000000000001,45,44,1
1127,1.3379033097196118,152.6,50,29,1
1231,0.6745875092480227,159.4,41,43,1
1197,0.09183132362648938,119.5,46,38,1
1164,-0.7455575709482807,106.7,45,43,1
1186,-0.2882126476079019,139.1,46,35,1
1200,-0.5033707994127163,131.8,50,38,1
1296,-0.5444735432912606,148.2,55,36,1
1120,-1.1469056637751633,154.5,49,45,1
1214,0.6535069961143214,132.6,50,22,1
1121,-0.7097600451809492,144.2,51,41,1
1216,1.0571097459477878,156.2,42,26,1
1137,-1.400984057702289,114.60000000000001,46,49,1
1141,-0.5807994714841049,102.39999999999999,51,33,1
1145,-0.11638600490093332,130.5,44,30,1
1125,1.4498422918765044,123.6,46,21,1
1191,-0.14497718059630005,118.39999999999999,50,43,1
1171,-0.3664893209938769,106.89999999999999,46,48,1
1145,-0.6219399185910464,148.4,56,39,1
1158,-0.13090587506204554,131.10000000000002,46,23,1
1155,1.7096505468990277,125.7,47,22,1
1222,0.41328458127678647,134.1,50,39,1
1155,0.5624926476109506,103.1,54,36,1
1138,-0.7882036864119786,111.5,44,37,1
1274,0.8729742418197732,150.9,59,35,1
1299,0.9505529943663191,143.1,47,22,1
1233,0.22416990185284336,162.10000000000002,51,38,1
1158,-0.8479835256770798,103.8,54,40,1
1118,0.6124250935882716,138.70000000000002,56,29,1
1186,-0.36503029067032955,126.69999999999999,45,31,1
1216,1.087847663490019,117.39999999999999,54,38,1
1267,0.4215319028606932,161.89999999999998,44,42,1
1153,0.34846747275473855,126.8,50,25,1
1149,-0.07049139215743283,145.8,54,29,1
1108,-0.23101313007091306,131.6,43,38,1
1132,0.5496916064801982,117.9,48,37,1
1145,1.404127800797267,112.3,55,28,1
1155,1.1109568233007876,133.1,52,26,1
1253,0.5272964704481864,153.0,43,37,1
1194,0.25037894770331803,104.80000000000001,49,44,1
1224,-0.309193482412804,128.20000000000002,41,48,1
1216,-0.8842229982999907,120.1,50,45,1
1157,-0.2598577637835138,120.8,52,31,1
1128,-0.9838149561071474,151.4,47,46,1
1144,1.7468321685206123,124.80000000000001,51,24,1
1198,-0.7056584202088056,159.70000000000002,49,39,1
1147,-0.9114874722844393,106.3,42,46,1
1223,0.7023065946434868,162.8,44,25,1
1154,0.2942101605619012,129.8,58,44,1
1269,0.4559737033328406,131.5,56,46,1
1258,1.4059302887747638,153.60000000000002,44,28,1
1265,0.5896982363131338,151.1,57,46,1
1129,-0.42626346040752594,102.80000000000001,41,49,1
1270,0.12283230943265977,146.9,59,49,1
1299,-0.46633255409343244,149.9,59,40,1
1160,0.803855106719864,125.0,55,40,1
1131,-0.689372744845347,117.0,41,39,1
1242,0.4382657845980984,128.4,43,42,1
1189,0.7526259427320232,136.3,43,44,1
1144,1.2500586769106856,103.80000000000001,43,34,1
1118,0.9819909005400349,123.89999999999999,50,31,1
1106,-1.0312782926148072,123.5,44,49,1
1154,1.3515309766273662,110.80000000000001,45,24,1
1273,1.3420932334524447,160.8,44,25,1
1166,0.2368549570283638,154.6,52,30,1
1194,-0.0012816792925951503,154.9,58,25,1
1145,0.3141967722902903,109.7,52,32,1
1243,1.4555885522762224,160.9,58,26,1
1247,-0.6297644754827361,138.5,59,48,1
1230,0.1810244492254547,118.5,53,35,1
1172,0.0905203495289495,139.1,55,49,1
1292,-1.2150801084787137,134.1,58,49,1
1183,0.2432107529198304,134.70000000000002,48,44,1
1271,-0.06824976393688331,110.8,48,27,1
1284,-0.05815729779950507,133.4,47,40,1
1231,0.9421410776093713,163.29999999999998,47,22,1
1209,-1.1248911029138124,126.4,57,45,1
1267,-0.03388032171468813,156.0,49,43,1
1264,-1.4402193462269393,128.3,48,49,1
1232,-0.674236673727447,152.5,44,43,1
1251,0.5994018070154468,165.4,42,43,1
1265,-0.33699526596898277,165.9,59,34,1
1140,-0.23536834641238236,102.0,59,30,1
1164,-0.49894821071621176,102.10000000000001,52,37,1
1200,0.35955515880256406,158.1,56,21,1
1123,0.22426007141969873,138.70000000000002,44,34,1
1197,1.157218400177566,114.7,48,30,1
1162,0.39197927620647377,147.6,53,44,1
1107,0.06282407579995497,152.89999999999998,58,32,1
1103,-0.23999268645456628,153.70000000000002,48,44,1
1132,0.2723820678508204,103.3,56,21,0
1291,-0.7832141517151938,141.7,52,36,1
1258,-0.22129381840215578,111.8,54,40,1
1167,1.0256741817465111,103.4,42,27,1
1297,1.2446846320599247,169.2,53,35,1
1207,0.6287384904406736,151.39999999999998,42,27,1
1242,-0.28199067537279987,127.0,50,28,1
1200,-1.2281122482601359,162.7,52,47,1
1249,-0.3634248987735631,152.8,42,39,1
1282,-0.19868305366998307,157.2,53,40,1
1188,-0.4581787586432551,116.8,47,40,1
1162,0.08274972232323985,148.6,53,34,1
1190,-0.5611471051996402,128.6,44,36,1
1171,1.0643897939112996,130.29999999999998,51,32,1
1175,-0.22983391996011804,154.5,47,40,1
1105,0.4440539647657151,101.0,52,25,0
1111,1.2250619360861255,118.5,47,24,0
1159,0.786729546935522,134.1,41,22,1
1274,0.8592661846283505,158.0,50,36,1
1295,0.03238274106300887,161.2,57,47,1
1187,1.1218795185419446,116.10000000000001,41,24,1
1210,0.556288507409312,118.1,52,31,1
1208,0.3361255027745289,106.39999999999999,43,26,1
1187,1.0396898236557168,147.79999999999998,43,21,1
1255,0.469210050443426,118.9,53,34,1
1256,-0.3503779120774013,127.1,55,45,1
1239,1.3636657139161907,145.6,44,27,1
1280,-0.6527227973674965,124.7,47,37,1
1196,1.5533228627548081,131.9,44,23,1
1198,0.5016606836392414,106.2,44,44,1
1260,0.03967718191995173,116.2,50,42,1
1267,0.9492162307165037,165.1,42,24,1
1214,0.9686559861657955,111.80000000000001,55,34,1
1184,0.2357288747935784,155.9,58,35,1
1116,-1.1541139675872907,114.3,47,47,1
1274,0.10175629341696313,155.5,41,21,1
1284,1.6331959841536703,164.9,47,25,1
1205,0.4389851879360771,127.8,46,33,1
1168,-0.7613338509389731,125.5,58,47,1
1172,0.843477773758287,124.3,47,21,1
1292,0.7888078672880192,139.29999999999998,52,31,1
1258,-0.0622290948869888,116.39999999999999,44,36,1
1179,1.326804455041865,110.30000000000001,54,24,1
1240,-0.3252715591937161,119.9,50,29,1
1203,-0.7157326685365428,107.0,44,37,1
1243,0.4629171616313248,157.0,57,47,1
1224,1.373489654739107,155.0,59,26,1
1292,0.4115096688393056,165.29999999999998,53,31,1
1154,1.0353446278024192,126.10000000000001,51,27,1
1260,0.8963279417680456,145.3,57,33,1
1121,-0.1411211588475343,114.69999999999999,42,36,0
1164,-0.18044984633614503,152.4,48,40,1
1169,1.0295373981605138,106.4,50,35,1
1252,-0.22727772100739974,141.89999999999998,58,27,1
1140,-0.6329880059124549,113.7,46,37,1
1260,0.23288969231894074,141.1,56,21,1
1222,1.1266682469758216,131.5,49,23,1
1124,0.5157285673394163,150.8,57,24,1
1195,0.782444397154225,106.9,41,24,1
1219,1.264146775707608,146.3,44,24,1
1142,0.7312913446364147,115.2,56,30,1
1105,0.5665616505713462,98.8,50,23,0
1257,1.4159619050483463,141.5,59,28,1
1177,0.41808330409552674,135.1,48,44,1
1245,0.6820508215562406,111.8,50,33,1
1105,0.4899992801506139,100.1,44,46,0
1192,-0.11895021594133581,128.8,56,26,1
1298,1.0061946028356845,151.20000000000002,53,24,1
1131,0.5008958219141186,135.7,50,36,1
1179,-0.48720195462124116,150.5,47,36,1
1107,1.560472429798177,132.5,46,28,1
1253,0.4333929935813523,151.3,53,40,1
1225,0.6933596216462763,130.5,47,40,1
1210,0.40003037749774295,151.2,52,32,1
1264,1.2678502353681878,161.20000000000002,54,28,1
1278,-0.4448677656382809,118.39999999999999,54,46,1
1218,0.9890663276031386,110.0,43,22,1
1184,-0.8890461697196459,160.6,52,42,1
1132,0.5653138382019229,123.10000000000001,46,29,1
1201,-0.2577230380141122,148.7,50,36,1
1276,-1.1458131867139076,125.19999999999999,45,46,1
1116,-0.03330715512592364,102.89999999999999,50,33,0
1294,1.5713123459128457,136.1,42,27,1
1281,-0.13845463508318612,127.5,47,24,1
1138,-0.5079130101542697,136.4,55,36,1
1118,0.374052509659641,126.8,45,30,1
1189,1.1473185916359847,143.0,44,31,1
1105,0.198338178851031,142.3,52,48,1
1124,-0.1280642180596281,143.6,55,42,1
1250,1.7508351204201926,117.4,41,24,1
1201,1.2816638769637456,157.29999999999998,56,32,1
1201,-1.1717770415109883,144.6,50,45,1
1107,1.3123992793419812,152.0,44,33,1
1283,1.5870129084347186,149.0,42,27,1
1229,1.082277830623207,126.9,56,30,1
1177,1.5191232273275719,151.89999999999998,53,22,1
1264,0.782228605958279,164.5,54,41,1
1157,-0.09963804895206718,131.5,56,28,1
1123,-0.10973126685978962,138.20000000000002,53,29,1
1229,-0.02295287512208599,126.10000000000001,43,32,1
1229,0.1689088454030121,119.60000000000001,48,47,1
1252,-0.5446083452825117,147.89999999999998,52,37,1
1236,0.9480487755866354,136.79999999999998,44,22,1
1257,0.14905076556100694,129.3,51,36,1
1280,-0.2811107717224135,147.6,46,36,1
1150,-1.2513685866713522,154.7,54,47,1
1217,-0.36296372277234434,154.6,54,39,1
1113,-1.176879977733215,146.9,44,46,1
1287,0.8330311879988024,133.79999999999998,47,21,1
1144,-0.5170775330230282,142.9,45,45,1
1245,0.5589302830498724,124.3,52,28,1
1147,0.9638262706418956,139.7,57,30,1
1196,0.9936257714111381,154.0,48,24,1
1188,-0.44265473985094106,145.10000000000002,47,43,1
1169,0.4518333387085336,135.20000000000002,47,23,1
1101,0.5575409627912129,132.6,52,45,1
1261,-0.3370693059420109,155.2,50,31,1
1219,0.12342156095659806,149.0,56,41,1
1263,0.5434022563744569,130.4,56,31,1
1290,1.3079855164290695,124.4,41,24,1
1188,0.949154966133521,142.70000000000002,58,39,1
1145,-1.2657187200329607,158.1,55,46,1
1216,0.31711113758007325,136.1,44,45,1
1206,1.8789611345717225,153.79999999999998,49,22,1
1219,-0.0612139606201052,148.6,48,37,1
1125,1.3070600926828668,140.9,54,24,1
1263,0.7334237034182611,121.8,41,45,1
1154,1.486301660359159,151.20000000000002,47,28,1
1157,0.14273772690593267,101.0,49,23,1
1102,0.6434514489277323,133.29999999999998,43,31,0
1243,1.6915198726443215,159.9,55,26,1
1274,0.3319456622511672,160.20000000000002,52,28,1
1212,-0.4773186985977631,120.5,51,33,1
1236,1.3482106952848407,108.8,55,32,1
1143,-0.24787521949061975,145.4,52,31,1
1181,0.64598169173732,116.0,53,29,1
1215,0.2719334815885568,158.2,50,47,1
1255,0.48942940365000753,111.8,51,43,1
1265,-0.6691204424634234,168.5,45,40,1
1179,1.200836931808892,137.4,56,35,1
1176,-0.05612154038751216,155.9,54,33,1
1134,0.3618690398091169,132.4,52,40,1
1188,-0.7221081037534611,114.6,48,38,1
1259,-0.5247972117247739,160.4,44,45,1
1207,-0.734734912466523,122.5,48,48,1
1198,0.9883185578021185,135.9,49,31,1
1185,0.8902437481191623,145.9,41,24,1
1271,0.790958288675754,164.7,50,26,1
1201,1.652882896990815,142.6,57,25,1
1243,-0.9511977262606695,140.60000000000002,50,43,1
1258,1.171139454075245,146.4,46,26,1
1266,0.39633995932481714,133.1,46,35,1
1177,1.7830297974573885,155.89999999999998,42,22,1
1288,-0.8151362519818193,136.8,46,40,1
1188,0.056653540568466054,137.4,58,36,1
1107,-1.4035377831263371,111.60000000000001,54,49,1
1224,0.8406833141439836,121.60000000000001,58,32,1
1120,-0.12371028996496314,152.5,45,25,1
1207,-0.12079397763295163,150.2,52,35,1
1231,1.0635425232640743,116.39999999999999,44,23,1
1142,0.7698961381688569,124.2,58,30,1
1150,-0.6532653282695793,155.7,51,37,1
1111,0.25763481376419683,120.1,57,40,1
1160,-0.3315297153034502,135.6,54,46,1
1102,-0.4451056329656997,112.4,43,32,0
1261,-0.4694681003389487,163.6,50,45,1
1119,-0.5297606670758443,100.0,48,31,0
1271,1.2994111620847113,111.5,42,24,1
1191,1.4018296676561275,152.4,57,23,1
1257,-1.3191986536691958,121.4,51,47,1
1141,0.9644172972472411,120.89999999999999,54,28,1
1255,1.0493683589470093,131.0,58,35,1
1137,-0.3807049346707081,148.2,45,45,1
1123,0.5801711408336385,122.1,57,38,1
1180,-0.05752783914919357,129.2,50,22,1
1110,1.4852072434714068,114.1,45,21,0
1137,0.06240310796800008,114.7,54,40,1
1267,0.15176804207702266,117.10000000000001,53,34,1
1111,-0.02029993959087384,110.0,45,29,0
1126,0.8931914132198575,143.7,44,31,1
1234,0.8889109820967975,153.8,58,24,1
1205,0.818872771280676,121.0,47,25,1
1271,-0.671483110653923,162.0,56,39,1
1204,1.3231854834782404,105.30000000000001,58,29,1
1207,0.3414536347306185,113.3,52,36,1
1248,0.42512869371554185,141.8,49,40,1
1153,-0.2135664981031895,123.0,58,47,1
1268,-0.7206162132196194,135.60000000000002,50,38,1
1112,0.2514615312231707,101.60000000000001,41,44,0
1226,-0.25489221642639803,125.3,56,27,1
1168,0.6197673914679711,135.20000000000002,43,24,1
1130,-0.8227768527102688,133.6,49,46,1
1151,-1.126804751625315,109.8,42,47,1
1142,-0.8132681415144765,140.39999999999998,51,42,1
1204,0.3175086848428008,132.9,42,35,1
1140,0.3434245372464111,137.5,59,25,1
1222,-0.40428843326855746,111.3,52,41,1
1196,-0.41213788607160695,115.3,51,37,1
1275,0.612674021679783,123.8,44,43,1
1263,-0.6705997521082088,126.5,41,42,1
1162,1.32824940281767,133.39999999999998,50,22,1
1277,-0.18389758114267507,134.89999999999998,48,42,1
1289,-0.8365049707541778,131.3,56,44,1
1164,-0.6025528480333628,157.6,53,42,1
1208,0.11447360166226761,145.20000000000002,50,24,1
1206,1.2788122249082485,138.7,52,21,1
1141,1.375170193844382,149.6,44,25,1
1265,-0.3584096647028878,150.3,42,38,1
1250,0.3813438154393851,119.2,50,42,1
1286,-0.9711615822891737,126.3,58,47,1
1254,0.7672217446066243,162.70000000000002,57,23,1
1253,-1.0089718258379365,129.8,43,45,1
1265,1.0764922574065987,158.3,53,38,1
1149,-0.3327060226068945,139.70000000000002,56,48,1
1165,0.16566529321731638,146.2,50,27,1
1199,1.4967251713919218,134.3,52,24,1
1133,0.44159428902265985,134.10000000000002,48,48,1
1150,0.6929604852193283,157.4,55,34,1
1225,0.5798719660663663,156.1,51,46,1
1131,-0.2207477858304352,108.1,55,30,1
1125,1.3600758794671248,112.6,49,21,0
1105,-0.09089334865141696,140.3,52,48,1
1186,0.8184495033113064,153.2,49,36,1
1262,0.7800348551081464,156.1,44,29,1
1156,0.4334569481092372,140.7,53,21,1
1143,-0.5120741960822066,156.8,47,45,1
1109,1.1377483304526157,98.7,59,28,0
1258,-1.0774631879309415,120.0,54,42,1
1279,0.17206034863405018,148.9,53,40,1
1195,0.35000128200663694,146.8,56,33,1
1158,0.4554399704894454,148.9,59,41,1
1157,-0.2118542408935593,137.1,45,34,1
1160,0.42547702741856064,129.5,41,45,1
1204,0.5616951106050077,149.1,46,37,1
1214,-0.7010158000067606,137.4,56,40,1
1195,0.3279230381648952,134.8,48,23,1
1183,0.05356239687687059,118.7,45,34,1
1103,-0.15322195747236966,97.6,58,33,0
1231,0.02766722355083706,115.3,51,42,1
1295,0.2004929356745513,157.3,50,38,1
1276,0.3645069194929884,145.2,55,46,1
1108,0.251086052838992,111.7,45,39,0
1277,-0.3108751489219259,168.79999999999998,55,41,1
1270,0.9209549520157616,153.4,44,34,1
1256,0.6825905624910185,165.2,56,46,1
1165,-0.7310201005524593,120.5,46,40,1
1286,0.7441826302595258,131.7,50,21,1
1119,0.4450416966576174,138.0,53,31,1
1238,0.6849793365702435,117.89999999999999,45,41,1
1127,0.6568158358908471,110.2,58,35,1
1279,-0.7947172219368708,122.4,51,45,1
1173,0.6685319515546908,140.8,58,35,1
1150,0.3058327070009623,132.4,44,44,1
1119,1.4882480658492478,134.4,52,25,1
1107,0.3406257948404492,110.60000000000001,46,29,0
1106,0.7995091379623704,98.69999999999999,51,21,0
1172,-1.4405740085845982,159.1,55,49,1
1296,0.009044122601354454,129.79999999999998,53,22,1
1174,0.5142351159588985,137.0,59,36,1
1273,1.408633462343407,159.4,53,21,1
1215,0.20591952565382954,121.5,46,40,1
1224,-0.6465055238038615,142.70000000000002,43,43,1
1195,-0.49117207670299834,141.5,50,30,1
1256,-0.8896340592016829,120.89999999999999,50,43,1
1201,0.5986869204717269,155.7,44,26,1
1187,-0.4579895142983512,152.89999999999998,43,32,1
1213,-0.35659235012936086,109.39999999999999,47,41,1
1213,-0.4567309300206799,153.4,56,31,1
1253,1.2101328669927027,153.3,49,30,1
1131,0.2294201975004413,99.69999999999999,43,36,0
1140,-0.9622793897141642,141.0,45,40,1
1238,0.9534137287311037,162.5,56,27,1
1253,0.3216794370966103,142.60000000000002,41,33,1
1293,-0.26896589739962473,159.9,52,36,1
1155,0.12587400197938203,133.8,59,23,1
1189,1.0509426866873308,152.0,53,21,1
1197,0.45738604489481105,125.4,48,37,1
1145,-0.08661705245653306,146.1,51,36,1
1111,-0.3607142830231873,102.89999999999999,50,28,0
1151,-0.759126896135164,147.79999999999998,57,37,1
1130,-0.7442949352965731,143.5,59,45,1
1267,0.8613760186769119,132.39999999999998,50,27,1
1279,0.7052436495161789,152.9,46,40,1
1192,0.41072970281514154,123.9,59,27,1
1247,-0.17481438557803153,155.79999999999998,51,41,1
1155,1.2349304243238337,99.8,51,23,1
1145,1.345629080963525,152.7,45,32,1
1126,-0.5995072648869766,129.9,42,43,1
1102,0.5028372118481559,128.5,53,43,1
1244,-1.037993186293915,157.20000000000002,52,48,1
1219,1.125547272873139,109.5,53,36,1
1220,-0.6200963457431095,118.1,49,41,1
1124,0.857797626139456,151.70000000000002,46,33,1
1197,0.18788965211696929,148.79999999999998,42,31,1
1183,0.6842008302184177,106.8,52,45,1
1146,1.0143237073928262,137.4,57,28,1
1196,-0.5677379439906978,129.5,47,39,1
1239,1.1325088106224785,115.10000000000001,53,22,1
1291,0.5511612840308344,153.4,50,33,1
1173,-0.6801627875383003,154.8,58,35,1
1141,0.8940496380367644,146.7,41,36,1
1205,1.724059873827112,108.0,50,25,1
1289,1.3662114915325334,146.3,50,24,1
1251,0.5089921345643282,110.89999999999999,47,38,1
1217,0.722340398659413,159.2,45,45,1
1155,0.3179527537209901,123.7,57,42,1
1110,-0.9190907544199209,99.9,59,49,1
1133,0.027765974033875818,123.0,41,47,1
1179,-0.7790460367446452,146.3,47,44,1
1276,-1.0637055150642665,157.79999999999998,50,42,1
1262,0.7988491118546117,119.10000000000001,56,39,1
1108,1.0586833959291597,132.9,54,21,1
1193,1.3088025398648617,153.0,50,27,1
1131,-0.39023210631504557,154.9,57,38,1
1122,1.2032237444561362,110.4,45,22,0
1129,1.4196966441500862,143.70000000000002,56,28,1
1277,1.3778654205762706,131.89999999999998,41,32,1
1175,-0.18978021169960968,120.3,44,28,1
1138,0.6312930125480385,104.3,46,45,1
1141,0.08007571609137099,109.89999999999999,52,48,1
1226,-0.9584271097328858,146.4,50,48,1
1153,0.8956124073183114,156.60000000000002,56,33,1
1197,-0.4465328389385381,158.29999999999998,59,46,1
1121,0.529816690846765,116.69999999999999,47,26,0
1205,0.8816102137923685,155.5,52,40,1
1116,-0.18477163212504255,104.5,52,49,1
1221,0.3454173429758771,123.89999999999999,53,28,1
1222,0.02251446878589025,111.3,53,41,1
1271,0.1436331301094116,148.1,57,40,1
1208,0.03887837190394272,122.8,51,30,1
1220,0.7737388062351944,150.3,46,33,1
1174,0.36539641259837174,102.60000000000001,44,32,1
1246,-0.6795023735364571,149.6,50,40,1
1199,-0.8301568986952534,150.70000000000002,54,48,1
1291,-1.2637057618973815,151.0,58,49,1
1202,0.121861914481737,116.9,41,47,1
1113,-0.9754076987005631,109.0,42,47,0
1130,0.2305376304365585,105.5,55,25,1
1239,0.935314447066286,140.0,45,21,1
1157,1.2012934455663182,152.39999999999998,47,27,1
1261,0.6113444823519789,131.29999999999998,53,22,1
1236,0.9027668412412011,152.2,55,26,1
1241,0.8676608099982599,126.19999999999999,53,21,1
1161,1.1267136269764653,108.5,50,24,1
1235,-0.4420308265699262,126.5,47,30,1
1246,0.6729428351450508,164.2,50,46,1
1127,0.6845416179787873,139.0,43,23,1
1236,1.4613189117199472,131.0,56,24,1
1142,0.5976167547741962,103.7,42,25,0
1273,-0.10342767538431308,146.70000000000002,55,34,1
1224,-0.3936170273157884,125.9,48,35,1
1117,0.6713082426189532,118.5,41,28,0
1150,-0.32089843743818136,103.5,59,35,1
1285,-0.9256831258832976,129.5,50,40,1
1276,-0.4990343220330138,125.39999999999999,59,38,1
1268,0.0929661610409811,160.20000000000002,50,44,1
1115,1.3921901592205692,125.1,57,26,1
1218,1.6168988203202925,121.1,54,23,1
1144,0.7301563129720834,132.6,52,32,1
1152,-1.2255690467298608,118.0,47,48,1
1114,0.511123814891421,148.20000000000002,44,28,1
1109,0.11446819853854806,98.2,55,23,0
1266,0.792303430000451,114.19999999999999,42,36,1
1142,-0.0411724676363725,120.60000000000001,50,24,1
1239,0.19276396070640245,159.5,53,26,1
1187,1.5250494899953873,132.29999999999998,41,26,1
1188,-0.847487410438712,160.10000000000002,44,43,1
1107,-0.8712870444431742,115.9,46,42,0
1126,1.4201234933182352,111.69999999999999,44,21,0
1274,0.4651634638901627,141.1,50,37,1
1176,0.7444076080027888,109.8,45,42,1
1108,0.6339739872163799,114.3,47,35,0
1243,0.05593822655813563,126.39999999999999,52,31,1
1295,-0.7648522562255899,154.8,59,43,1
1242,-0.8865208860690994,144.6,41,44,1
1284,1.3835646809548545,160.6,50,22,1
1192,0.11904766116053889,107.2,50,40,1
1228,-0.21883214584500799,161.9,45,41,1
1208,-0.3319167958320943,152.10000000000002,56,43,1
1173,-1.3153190542481328,113.2,46,49,1
1122,0.6607316474841634,137.7,50,35,1
1265,1.4315162898411373,124.4,47,29,1
1101,-1.00043852755911,134.5,44,44,1
1271,-0.2671607509843448,168.1,58,40,1
1196,-1.3703734835947698,124.5,44,49,1
1248,-0.5441207729901132,145.70000000000002,55,39,1
1123,1.1969791032842214,132.60000000000002,43,23,1
1281,0.34433936534351606,143.2,50,31,1
1273,0.6267743326253992,130.2,52,39,1
1247,1.0453680691883167,114.4,50,27,1
1216,0.03175158126415889,109.0,47,34,1
1201,0.8114090365605633,119.89999999999999,50,38,1
1223,0.9237657265649153,133.4,58,21,1
1103,1.5883710561094695,111.0,43,27,0
1280,-0.8246932704878434,142.9,46,49,1
1131,0.394441330560503,137.0,42,49,1
1245,0.8025959878542541,127.3,51,38,1
1145,-0.16764387389857172,133.3,48,38,1
1265,1.385414570770409,147.7,54,22,1
1152,0.267193427260199,159.0,56,48,1
1290,-0.010999799049871362,135.2,46,22,1
1165,-0.01398713160568188,129.0,56,25,1
1163,0.2802791615823552,144.10000000000002,44,48,1
1218,0.8729255842934291,155.9,56,21,1
1223,0.09806653920203545,159.4,50,21,1
1186,-0.8022813760386536,142.2,54,46,1
1254,0.17043579474528858,124.4,42,30,1
1249,0.8678932381212452,118.5,47,26,1
1193,0.146648394828776,134.0,52,27,1
1262,-0.04791198787166673,158.39999999999998,48,42,1
1167,-0.19412905415505222,137.39999999999998,54,47,1
1163,1.6083428517759635,115.6,46,23,1
1128,0.5849618557615801,115.6,50,38,1
1130,1.3059948811984663,131.8,44,28,1
1185,-0.2561996757010827,105.5,41,30,1
1295,-0.08620011494360669,143.6,45,41,1
1180,0.5012107678140014,134.6,43,26,1
1222,0.49650436034207535,159.6,47,24,1
1182,0.07431971373294033,149.5,44,43,1
1115,0.7014369690100941,105.8,48,43,0
1235,0.9730949046109139,147.5,46,40,1
1232,-0.6274558395490439,135.5,42,43,1
1218,1.1130378442277444,105.3,46,25,1
1229,0.15821013068705847,144.8,43,29,1
1180,0.07770123027651721,137.6,50,26,1
1281,1.2234194107466239,127.19999999999999,44,21,1
1242,-0.6751848496062507,131.2,58,40,1
1288,0.8959582956295034,150.8,50,40,1
1213,1.325291164207886,123.6,59,23,1
1187,0.43104919492688154,140.7,52,40,1
1102,0.8659782807649665,147.2,59,40,1
1207,1.0068496823973592,156.6,57,29,1
1102,-0.24250885464574523,113.2,53,30,0
1113,0.025700149116413495,140.3,47,30,1
1231,-1.2513517623921202,135.7,43,46,1
1299,0.020831245882298788,149.0,41,41,1
1207,0.9728732374664135,129.2,46,25,1
1129,1.3724007544270749,104.60000000000001,51,27,0
1134,-0.9424721950781352,112.4,57,40,1
1129,-1.400362596682979,122.80000000000001,49,49,1
1186,-0.19552490778955978,159.0,41,44,1
1283,0.38611492262335734,166.4,41,21,1
1231,0.09173160023106885,125.8,50,27,1
1186,1.5420989776755774,141.5,47,29,1
1259,-0.5394290184467831,168.1,57,42,1
1182,0.42654156359462236,131.5,50,23,1
1120,1.10719454082266,150.6,46,26,1
1158,-1.1431679603868103,120.1,46,43,1
1165,-0.684747914341397,139.8,44,43,1
1262,-0.8603238647654148,130.2,59,40,1
1120,1.1903309736909191,133.6,49,26,1
1139,0.4162405646286391,152.9,45,40,1
1165,1.3076641291417752,102.9,52,24,1
1148,1.0642804530579568,126.89999999999999,50,21,1
1182,-0.45580629339495715,135.2,49,40,1
1279,-0.7363715440884007,161.3,56,44,1
1257,0.1394835482450536,120.0,51,33,1
1110,0.3187796338392985,149.5,46,45,1
1180,1.0601863854387523,117.7,59,27,1
1274,0.18369634947602997,168.8,45,24,1
1252,0.006109857980743705,128.0,47,48,1
1116,-0.3793926087379038,104.89999999999999,47,43,0
1219,-0.19627969947892754,144.5,55,26,1
1241,1.5857050677503002,138.2,43,21,1
1198,1.8623209950864932,133.0,55,22,1
1112,0.4564096848748136,109.3,48,41,0
1232,0.27253149260218335,128.9,47,37,1
1200,0.6701521291851638,134.3,45,43,1
1198,1.0667560539484575,148.60000000000002,50,38,1
1197,0.7074822265752578,135.2,51,45,1
1192,-0.37297399638221695,121.10000000000001,50,29,1
1132,0.5702288737864976,131.0,57,28,1
1211,0.6648873614966377,146.79999999999998,51,37,1
1153,-0.14893135537056712,146.20000000000002,52,29,1
1172,-0.8534032839801551,134.0,44,48,1
1268,1.262683080999513,143.20000000000002,50,34,1
1101,-0.3599357413380757,140.6,43,45,1
1256,0.4568253856109097,152.9,55,43,1
1102,0.30427606291386877,133.6,43,34,0
1122,0.3620149212572028,104.2,42,30,0
1127,-0.14928672012690436,105.60000000000001,57,49,1
1198,0.23113703386511109,145.9,55,21,1
1132,1.7567245853612932,125.60000000000001,51,24,1
1200,0.8614016513507705,140.8,57,38,1
1230,-0.1693098811008975,113.0,59,30,1
1290,-0.004973843188651683,126.8,59,38,1
1245,-0.7518332120221376,135.7,42,42,1
1275,0.031536556147164774,126.3,49,48,1
1198,0.95280527133214,144.5,50,37,1
1289,1.2382760900998449,146.9,58,30,1
1182,0.8083174888762152,117.9,41,37,1
1157,0.43770384562338327,146.0,53,43,1
1299,-0.8247933705800901,155.1,41,42,1
1206,-0.48044157433269286,128.0,48,44,1
1210,-0.1657261345929837,136.8,56,28,1
1119,-0.4813639186556713,97.10000000000001,58,32,0
1238,0.8423654951547395,134.5,50,37,1
1292,0.6587851460780398,153.6,49,24,1
1118,-0.296341602097302,128.3,58,45,1
1236,1.015181921914223,152.0,43,34,1
1147,1.2354895717467227,106.9,43,22,1
1292,1.796825082055561,128.6,48,24,1
1106,-0.772659992292132,136.0,56,44,1
1133,-0.29118136566513164,107.3,53,30,1
1138,0.9687558582758407,139.20000000000002,44,24,1
1186,0.43686442961461647,121.3,56,27,1
1225,0.20433416825697925,129.2,50,37,1
1191,-0.7250626304813832,162.0,46,49,1
1249,-1.0772426665019892,116.60000000000001,59,47,1
1294,-0.256444234093822,114.4,52,40,1
1218,0.7043893023117933,127.3,59,45,1
1157,0.6060478701118903,123.8,42,41,1
1219,0.5496177399480988,163.0,53,41,1
1254,-0.060178127345888566,117.0,50,36,1
1195,-0.19743631661812389,146.9,56,34,1
1169,1.114079683740117,129.0,48,21,1
1262,0.17807684602859153,165.6,41,44,1
1219,-0.2011729010436054,138.4,55,35,1
1169,-0.3853904128909118,151.9,52,40,1
1139,0.4990691468712154,129.8,50,39,1
1263,-0.6033001124995274,124.8,44,45,1
1238,1.3716203683877615,132.20000000000002,50,24,1
1120,0.739149915752604,136.9,44,29,1
1297,0.9569249751604862,155.1,47,24,1
1207,-0.6608621164918882,127.8,56,41,1
1222,-0.7341133956111556,149.5,57,43,1
1217,-0.7013412714238068,108.2,54,35,1
1175,-0.1042154178116057,137.5,58,40,1
1160,1.0182976225430256,123.8,51,38,1
1113,-0.3103074116523197,125.2,56,39,1
1126,-0.894968231758106,149.0,50,44,1
1297,-1.0178439634917267,126.29999999999998,56,46,1
1119,-0.9121859185545098,120.2,45,43,1
1226,0.45658175174088744,117.0,54,34,1
1247,0.05927601402349625,149.0,48,43,1
1201,-0.3555877484631531,121.89999999999999,53,48,1
1151,-0.5783094079753222,128.7,48,46,1
1266,1.3586953316960622,121.8,56,32,1
1251,-0.033588219988872625,132.1,41,40,1
1152,-1.1167081284074092,149.89999999999998,53,47,1
1223,0.45084955483834177,139.0,50,37,1
1252,-0.09166143395125892,141.39999999999998,55,22,1
1215,0.49976556508680425,123.9,47,24,1
1165,0.7747306687596089,129.7,47,42,1
1199,-0.09913213337538451,162.6,46,47,1
1265,0.034756897490293204,130.0,55,35,1
1147,-0.07332266457807668,122.9,51,42,1
1127,-0.21089445565438503,146.2,53,35,1
1119,-0.3036164808349553,141.9,52,40,1
1260,1.1328178826578437,160.6,50,36,1
1120,-0.40672700463773337,95.9,44,29,0
1180,0.6654773540723111,156.0,56,40,1
1163,-0.4968362613897632,157.70000000000002,49,34,1
1171,0.9342300741530745,151.7,55,26,1
1267,0.43355470542836194,142.7,55,30,1
1150,0.09147439134276447,127.8,52,38,1
1166,-0.9919565342676098,110.69999999999999,45,41,1
1229,-0.20497950263274323,109.7,49,38,1
1198,-0.25972670207932147,159.8,47,40,1
1161,1.1245917091381978,112.5,50,34,1
1199,-1.0452866154525497,149.3,46,44,1
1223,1.2536083099249213,158.70000000000002,48,34,1
1131,1.6043977738591817,153.6,55,25,1
1131,0.4210795368461051,118.3,53,32,1
1213,0.5708707840717357,152.70000000000002,55,24,1
1136,0.6022357715606348,136.6,58,40,1
1238,0.9247655388268079,165.0,47,32,1
1125,0.25399995283193677,112.7,59,42,1
1150,0.13383011184273053,112.4,58,34,1
1279,0.2141033509306225,158.6,56,47,1
1210,0.5817160145099638,106.1,48,31,1
1293,-0.8983863524599585,145.10000000000002,52,38,1
1229,-0.40943075739239165,158.8,56,39,1
